{"cameraMode":{"drawMode":0,"name":"Shaded","section":"Shading Mode"},"sceneLighting":true,"audioPlay":false,"sceneViewState":{"showFog":true,"showMaterialUpdate":false,"showSkybox":true,"showFlares":true,"showImageEffects":true,"showParticleSystems":true},"in2DMode":false,"pivot":{"x":-2.9506187438964845,"y":2.8797426223754885,"z":6.78434944152832},"rotation":{"x":-0.11785812675952912,"y":0.28387364745140078,"z":-0.03518262505531311,"w":-0.9509418606758118},"size":32.61372375488281,"orthographic":false}