{"cameraMode":{"drawMode":0,"name":"Shaded","section":"Shading Mode"},"sceneLighting":true,"audioPlay":false,"sceneViewState":{"showFog":true,"showMaterialUpdate":false,"showSkybox":true,"showFlares":true,"showImageEffects":true,"showParticleSystems":true},"in2DMode":false,"pivot":{"x":-0.5805168151855469,"y":1.2366580963134766,"z":-7.133272171020508},"rotation":{"x":-0.14169920980930329,"y":0.8430575728416443,"z":-0.26941347122192385,"w":-0.44341394305229189},"size":35.789337158203128,"orthographic":false}